id;date;action;entite_modifiee;utilisateur
1;2023-10-20T13:55:43;moins membre de l’équipe vorace;incalculable timide;de façon que pour que zzzz
2;2023-10-20T14:59:14;parce que tellement;main-d’œuvre;oups pendant que
3;2023-10-20T18:12:34;géométrique au point que fonctionnaire;orange;sauvage malade de peur que
4;2023-10-20T08:04:27;de crainte que croâ;incalculable;population du Québec police bzzz
5;2023-10-20T10:12:41;sous de peur que;au prix de pis résigner;absolument spécialiste touchant
6;2023-10-20T14:05:12;quoique durant jeune enfant;hi ronron certainement;ensuite exagérer désormais
7;2023-10-20T23:32:38;conseil municipal;intrépide a au-devant;triathlète paf drelin
8;2023-10-20T13:02:42;assez;de manière à ce que concevoir;antagoniste hormis
9;2023-10-20T22:40:22;tant que cadre;antique;membre titulaire commissionnaire
10;2023-10-20T01:17:21;vu que lâche circulaire;de façon que;chez gratis
